,0,1,2,3,4,5
Unnamed: 0,Absolute Score Mean,Absolute Score SD,Regret Mean,Regret SD,Decision Consistency Mean,Decision Consistency SD
algo1_mab1,128.32,8.831623619560323,-0.32,8.831623619560323,0.9999609375,0.000390625
algo1_mab2,86.28,7.482072850581858,41.72,7.482072850581858,1.0,0.0
algo1_mab3,169.45,8.254016469500645,1.3020000000000096,8.254016469500645,1.0,0.0
algo1_mab4,65.37,6.517505564852152,62.63,6.517505564852152,1.0,0.0
algo1_mab5,191.65,6.68085611159516,0.35,6.68085611159516,1.0,0.0
algo1_mab6,84.78,8.287242233601226,85.97200000000002,8.287242233601226,1.0,0.0
algo1_mab7,63.45,7.425556469981822,128.55,7.425556469981822,1.0,0.0
algo1_mab8,51.27,6.975939891780704,153.53,6.975939891780704,1.0,0.0
algo1_mab9,42.94,5.9268606165217665,170.308,5.9268606165217665,1.0,0.0
algo1_mab10,35.81,4.918928601419072,183.582,4.918928601419072,1.0,0.0
algo1_mab11,85.76,7.164897597018228,84.992,7.164897597018228,1.0,0.0
algo1_mab12,84.78,7.831018355542813,85.97200000000002,7.831018355542813,1.0,0.0
algo1_mab13,84.98,6.234443265303072,85.772,6.234443265303072,1.0,0.0
algo1_mab14,85.09,7.469932997684717,85.662,7.469932997684717,1.0,0.0
algo1_mab15,128.04,25.667225495687383,42.71200000000001,25.667225495687383,1.0,0.0
algo1_mab16,123.64,35.077553327943896,68.36,35.077553327943896,1.0,0.0
algo1_mab17,127.02,13.49072258849006,43.732000000000006,13.49072258849006,1.0,0.0
algo1_mab18,126.44,16.185989701784152,65.56,16.185989701784152,1.0,0.0
algo1_mab19,128.25,11.823939933691964,42.50200000000001,11.823939933691964,1.0,0.0
algo1_mab20,127.32,11.58794218316626,64.68,11.58794218316626,1.0,0.0
algo2_mab1,128.22,8.736987438181968,-0.22,8.736987438181968,0.535234375,0.027323901526283827
algo2_mab2,106.96,8.070297204545628,21.04,8.070297204545628,0.5414453125,0.028472568070970157
algo2_mab3,150.52,8.27980383313225,20.232000000000014,8.27980383313225,0.54625,0.029794257476348007
algo2_mab4,98.87,7.470690203803938,29.13,7.470690203803938,0.5496875,0.03114664885676006
algo2_mab5,163.04,7.632890022855701,28.96,7.632890022855701,0.5633984375,0.03889585270258685
algo2_mab6,134.56,8.062032227445115,36.19200000000001,8.062032227445115,0.579453125,0.033220968727276166
algo2_mab7,134.84,7.726015346303238,57.16,7.726015346303238,0.31125,0.027936950243726583
algo2_mab8,134.67,7.546562532743372,70.13000000000001,7.546562532743372,0.2183203125,0.020780702637186517
algo2_mab9,134.7,8.358749121051957,78.54799999999999,8.358749121051957,0.16796875,0.015625
algo2_mab10,133.0,7.834139223535497,86.39200000000001,7.834139223535497,0.14,0.016069666998515614
algo2_mab11,130.02,7.8482836057035765,40.732000000000006,7.8482836057035765,0.2975390625,0.020937056839403983
algo2_mab12,128.83,8.83067999029005,41.92200000000001,8.83067999029005,0.2072265625,0.016398685650952528
algo2_mab13,128.79,8.239220076848747,41.96200000000001,8.239220076848747,0.163203125,0.015150016941788871
algo2_mab14,128.38,7.973162053496287,42.37200000000001,7.973162053496287,0.1366796875,0.013457349222128854
algo2_mab15,132.13,8.66393313534548,38.62200000000001,8.66393313534548,0.541328125,0.03032982768438139
algo2_mab16,134.39,8.224004038437872,57.61,8.224004038437869,0.2958203125,0.02427008524622564
algo2_mab17,133.48,8.711399706619186,37.27200000000001,8.711399706619186,0.531875,0.02519773639336969
algo2_mab18,133.68,8.986949010940949,58.32,8.986949010940949,0.2915234375,0.022385748863727285
algo2_mab19,131.45,8.454721948847475,39.30200000000001,8.454721948847475,0.53265625,0.02410865637451294
algo2_mab20,133.36,8.289606489911069,58.64,8.289606489911069,0.29015625,0.023803435368734808
algo3_mab1,127.3,8.488256891170593,0.7,8.488256891170593,1.0,0.0
algo3_mab2,84.55,7.804912982645397,43.45,7.804912982645397,1.0,0.0
algo3_mab3,169.11,7.405833081859436,1.6420000000000097,7.405833081859436,1.0,0.0
algo3_mab4,63.64,7.034575504268365,64.36,7.034575504268365,1.0,0.0
algo3_mab5,191.52,7.234150212217692,0.48,7.234150212217692,1.0,0.0
algo3_mab6,85.25,7.743847345936754,85.50200000000002,7.743847345936754,1.0,0.0
algo3_mab7,63.07,6.060728029075736,128.93,6.060728029075736,1.0,0.0
algo3_mab8,51.74,5.864841313826286,153.06,5.864841313826286,1.0,0.0
algo3_mab9,43.24,5.88461441971238,170.00799999999995,5.88461441971238,1.0,0.0
algo3_mab10,35.61,5.685165882462103,183.782,5.685165882462103,1.0,0.0
algo3_mab11,85.76,7.35962230036572,84.992,7.35962230036572,1.0,0.0
algo3_mab12,84.74,6.795155731412005,86.01200000000001,6.795155731412005,1.0,0.0
algo3_mab13,84.64,7.611156086278678,86.11200000000002,7.611156086278678,1.0,0.0
algo3_mab14,85.49,7.31746906623824,85.26200000000001,7.31746906623824,1.0,0.0
algo3_mab15,127.33,26.72457916063659,43.42200000000001,26.72457916063659,1.0,0.0
algo3_mab16,124.22,31.00263266761764,67.78,31.00263266761764,1.0,0.0
algo3_mab17,128.29,14.790998491097088,42.46200000000001,14.790998491097088,1.0,0.0
algo3_mab18,125.56,19.262839087137948,66.44,19.262839087137948,1.0,0.0
algo3_mab19,126.16,11.588674373601744,44.59200000000001,11.588674373601744,1.0,0.0
algo3_mab20,127.71,13.104317277642943,64.29,13.104317277642943,1.0,0.0
algo4_mab1,126.57,8.226902162534765,1.43,8.226902162534765,0.531640625,0.020977102180551727
algo4_mab2,107.99,7.576538747603644,20.01,7.576538747603644,0.5463671875,0.030821192895194638
algo4_mab3,150.67,8.032830362727925,20.082000000000008,8.032830362727925,0.5446484375,0.02813143843778267
algo4_mab4,98.45,7.568375190904784,29.55,7.568375190904784,0.554921875,0.031994851825315015
algo4_mab5,163.89,7.90076712807821,28.11,7.90076712807821,0.5629296875,0.03580092057645565
algo4_mab6,133.96,8.24611325646112,36.79200000000001,8.246113256461122,0.5686328125,0.033649837743398386
algo4_mab7,133.66,7.522652659155747,58.34,7.522652659155747,0.3038671875,0.0241901904249621
algo4_mab8,134.01,8.24559263969534,70.79,8.24559263969534,0.218515625,0.019494283198280792
algo4_mab9,133.54,7.20328208022376,79.70799999999998,7.20328208022376,0.1695703125,0.018473529562264144
algo4_mab10,134.98,7.4413260467025175,84.41199999999998,7.4413260467025175,0.1390234375,0.012366302338798141
algo4_mab11,128.85,8.539125638299666,41.90200000000001,8.539125638299666,0.2916015625,0.020828708944620543
algo4_mab12,128.23,8.310702604339646,42.52200000000001,8.310702604339646,0.2066796875,0.016694156055738554
algo4_mab13,128.74,8.740501337816019,42.01200000000001,8.740501337816019,0.162421875,0.012638564773080788
algo4_mab14,129.3,7.5792113339347145,41.45200000000001,7.5792113339347145,0.138125,0.011953406096087416
algo4_mab15,134.12,8.425886039791635,36.63200000000001,8.425886039791635,0.5503125,0.032446704431609415
algo4_mab16,135.17,7.861239781935856,56.83,7.861239781935856,0.29859375,0.021491153372852158
algo4_mab17,131.02,8.876230886332033,39.732000000000006,8.876230886332033,0.535546875,0.026676102327163883
algo4_mab18,133.04,8.89321611844067,58.96,8.89321611844067,0.2915234375,0.018939545601902228
algo4_mab19,133.71,8.816072329168547,37.04200000000001,8.816072329168547,0.5344921875,0.026869276968379773
algo4_mab20,131.67,8.5600139242783,60.33,8.5600139242783,0.2925390625,0.018312638637885764
algo5_mab1,127.89,6.928050143285541,0.11,6.928050143285541,0.9977734375,0.022265625
algo5_mab2,85.41,7.580004264277472,42.59,7.580004264277472,1.0,0.0
algo5_mab3,170.49,8.00819655860245,0.2620000000000096,8.00819655860245,1.0,0.0
algo5_mab4,64.12,7.0342308776727,63.88,7.0342308776727,1.0,0.0
algo5_mab5,191.91,7.0497438881769945,0.09,7.0497438881769945,1.0,0.0
algo5_mab6,85.04,8.451788406764999,85.712,8.451788406764999,1.0,0.0
algo5_mab7,63.34,7.935624828212421,128.66,7.935624828212421,1.0,0.0
algo5_mab8,50.6,6.653016328149681,154.20000000000005,6.653016328149681,1.0,0.0
algo5_mab9,43.24,6.465323196902382,170.00799999999995,6.465323196902382,1.0,0.0
algo5_mab10,36.69,4.949635227861634,182.702,4.949635227861634,1.0,0.0
algo5_mab11,86.32,7.663213978798223,84.43200000000002,7.663213978798223,1.0,0.0
algo5_mab12,84.5,6.554357021065908,86.25200000000002,6.554357021065908,1.0,0.0
algo5_mab13,86.17,7.65157275705888,84.58200000000002,7.65157275705888,1.0,0.0
algo5_mab14,84.95,7.705927142876004,85.802,7.705927142876004,1.0,0.0
algo5_mab15,127.35,25.771088256008703,43.40200000000001,25.771088256008703,1.0,0.0
algo5_mab16,126.76,33.17450645884394,65.24,33.17450645884394,1.0,0.0
algo5_mab17,128.59,12.119018362087171,42.162000000000006,12.119018362087171,1.0,0.0
algo5_mab18,127.53,13.45359026093373,64.47,13.45359026093373,1.0,0.0
algo5_mab19,129.38,11.284010319424956,41.37200000000001,11.284010319424956,1.0,0.0
algo5_mab20,128.27,12.684879251146288,63.73,12.684879251146288,1.0,0.0
algo6_mab1,128.58,7.800776962080201,-0.58,7.800776962080201,0.53015625,0.022539619473778333
algo6_mab2,107.61,8.158647887581331,20.39,8.158647887581331,0.5458984375,0.03202160081165333
algo6_mab3,152.27,7.573018292636434,18.482000000000014,7.573018292636434,0.5521875,0.033384341890467094
algo6_mab4,99.06,7.009113836119139,28.94,7.009113836119139,0.559609375,0.028895583959018763
algo6_mab5,164.09,7.769527370152932,27.91,7.769527370152932,0.5672265625,0.03736154189109801
algo6_mab6,135.9,8.296890010020853,34.85200000000001,8.296890010020853,0.587890625,0.037947713391265514
algo6_mab7,136.67,8.832967402368988,55.33,8.832967402368988,0.324375,0.02918378319455374
algo6_mab8,138.54,8.026999892408575,66.26,8.026999892408575,0.2244921875,0.020083381160648915
algo6_mab9,137.74,10.22535964149818,75.508,10.22535964149818,0.17765625,0.020091245946131098
algo6_mab10,139.13,8.546551079443411,80.262,8.546551079443411,0.1462109375,0.016603059480190578
algo6_mab11,130.46,8.432045655675374,40.29200000000001,8.432045655675374,0.30109375,0.0262930574447261
algo6_mab12,130.52,8.4810900766876,40.232000000000006,8.4810900766876,0.211171875,0.01878564189224477
algo6_mab13,128.87,8.176901440748638,41.88200000000001,8.176901440748638,0.1666015625,0.014901732101138775
algo6_mab14,128.36,8.147032675406514,42.39200000000001,8.147032675406514,0.1385546875,0.011665427402220785
algo6_mab15,134.13,8.901997279013038,36.62200000000001,8.901997279013038,0.5464453125,0.03411221130864096
algo6_mab16,136.87,8.7946896282112,55.13,8.7946896282112,0.3001953125,0.02504838057552387
algo6_mab17,133.07,8.295374152094183,37.68200000000001,8.295374152094183,0.53578125,0.02618167854040649
algo6_mab18,137.53,8.807085072528109,54.47,8.807085072528109,0.2912890625,0.019717819454003416
algo6_mab19,132.56,7.9064223990067175,38.19200000000001,7.9064223990067175,0.5345703125,0.0262912694822896
algo6_mab20,133.5,8.803695275567557,58.5,8.803695275567557,0.2933203125,0.02053598616396309
algo7_mab1,127.54,7.678409978503349,0.46,7.678409978503349,0.996484375,0.03515625
algo7_mab2,85.04,7.942876867312808,42.96,7.942876867312808,1.0,0.0
algo7_mab3,170.74,6.288710423280658,0.01200000000000955,6.288710423280658,1.0,0.0
algo7_mab4,64.94,7.909615679792552,63.06,7.909615679792552,1.0,0.0
algo7_mab5,193.61,7.334566012100415,-1.61,7.334566012100415,1.0,0.0
algo7_mab6,85.38,7.6946524786813315,85.37200000000001,7.6946524786813315,1.0,0.0
algo7_mab7,63.0,8.291409696033284,129.0,8.291409696033284,1.0,0.0
algo7_mab8,52.66,6.884648417921124,152.14,6.884648417921124,1.0,0.0
algo7_mab9,42.43,6.372692690002563,170.81799999999996,6.372692690002563,1.0,0.0
algo7_mab10,36.43,5.829661181831197,182.96200000000002,5.829661181831197,1.0,0.0
algo7_mab11,85.01,8.238239245044165,85.742,8.238239245044165,1.0,0.0
algo7_mab12,85.46,6.772523215690789,85.29200000000002,6.772523215690789,1.0,0.0
algo7_mab13,86.32,7.614287474043367,84.43200000000002,7.614287474043367,1.0,0.0
algo7_mab14,85.07,7.64391221426528,85.68200000000002,7.64391221426528,1.0,0.0
algo7_mab15,130.62,26.312719204202214,40.13200000000001,26.312719204202214,1.0,0.0
algo7_mab16,130.12,35.268746000452644,61.88,35.268746000452644,1.0,0.0
algo7_mab17,127.39,15.342484094233837,43.36200000000001,15.342484094233837,1.0,0.0
algo7_mab18,128.65,15.020104372258382,63.35,15.020104372258382,1.0,0.0
algo7_mab19,126.8,10.173246752878333,43.95200000000001,10.173246752878333,1.0,0.0
algo7_mab20,129.17,11.191677102366578,62.83,11.191677102366578,1.0,0.0
algo8_mab1,128.52,7.206170195664885,-0.52,7.206170195664885,0.533359375,0.025396967690689852
algo8_mab2,109.24,8.608335166769145,18.76,8.608335166769145,0.5443359375,0.029175622399067142
algo8_mab3,151.0,7.772003628668762,19.752000000000013,7.772003628668762,0.5453515625,0.032572886345149224
algo8_mab4,100.73,9.257107561438422,27.27,9.257107561438422,0.5588671875,0.03482037844468059
algo8_mab5,164.48,7.806342927324543,27.52,7.806342927324543,0.56296875,0.031726170171285616
algo8_mab6,134.8,7.994947899717165,35.95200000000001,7.994947899717165,0.587734375,0.035059315015635015
algo8_mab7,137.63,7.427297454306477,54.37,7.427297454306477,0.318359375,0.02489484771251713
algo8_mab8,137.85,8.151810854161191,66.95000000000002,8.151810854161191,0.2262109375,0.02314031253838657
algo8_mab9,137.27,8.681636255960512,75.97800000000001,8.681636255960512,0.1756640625,0.01526025304687856
algo8_mab10,139.22,9.470400458717934,80.172,9.470400458717934,0.14984375,0.016296341507460434
algo8_mab11,131.51,9.097113539330744,39.24200000000001,9.097113539330744,0.3040234375,0.02483009633505374
algo8_mab12,128.67,7.371875301071327,42.08200000000001,7.371875301071327,0.2128125,0.020606303222098343
algo8_mab13,128.29,7.985207283066317,42.46200000000001,7.985207283066317,0.1666015625,0.014598702922932544
algo8_mab14,129.17,8.744470114063951,41.58200000000001,8.744470114063951,0.1415234375,0.014782100096078143
algo8_mab15,135.66,7.688664094337557,35.09200000000001,7.688664094337557,0.553203125,0.0373098774997126
algo8_mab16,136.59,8.834156622582784,55.41,8.834156622582784,0.309921875,0.031221479251484607
algo8_mab17,133.12,8.078253636658225,37.63200000000001,8.078253636658225,0.530859375,0.02636225490478333
algo8_mab18,135.51,8.483489609800673,56.49,8.483489609800673,0.293125,0.021473934274363813
algo8_mab19,131.94,8.342201342111279,38.81200000000001,8.342201342111279,0.5301171875,0.025164530945761147
algo8_mab20,134.81,6.682851565799218,57.19,6.682851565799218,0.2929296875,0.018905661395691883
algo9_mab1,127.55,8.002998175557696,0.45,8.002998175557693,0.9996484375,0.0031454017583502874
algo9_mab2,84.99,7.764845670251809,43.01,7.764845670251809,1.0,0.0
algo9_mab3,170.98,7.837980568612008,-0.2279999999999905,7.837980568612008,1.0,0.0
algo9_mab4,63.72,7.311372074799751,64.28,7.311372074799751,1.0,0.0
algo9_mab5,192.32,7.349678753372679,-0.32,7.349678753372679,1.0,0.0
algo9_mab6,84.93,8.114402957305938,85.822,8.114402957305938,1.0,0.0
algo9_mab7,64.86,6.185711786288649,127.14,6.185711786288649,1.0,0.0
algo9_mab8,51.2,6.9775976300492335,153.60000000000005,6.9775976300492335,1.0,0.0
algo9_mab9,43.22,5.4746062078758815,170.028,5.4746062078758815,1.0,0.0
algo9_mab10,37.55,5.855800888042902,181.842,5.855800888042902,1.0,0.0
algo9_mab11,86.47,7.608415064780562,84.28200000000002,7.608415064780562,1.0,0.0
algo9_mab12,85.74,7.097616615185807,85.01200000000001,7.097616615185807,1.0,0.0
algo9_mab13,86.69,8.019792435410702,84.06200000000003,8.019792435410702,1.0,0.0
algo9_mab14,84.79,7.550897999977262,85.962,7.550897999977262,1.0,0.0
algo9_mab15,126.59,25.109897843220505,44.162000000000006,25.109897843220505,1.0,0.0
algo9_mab16,131.97,35.5668257075198,60.03,35.5668257075198,1.0,0.0
algo9_mab17,125.6,14.305469745746366,45.15200000000001,14.305469745746366,1.0,0.0
algo9_mab18,127.94,16.463501106595427,64.06,16.463501106595427,1.0,0.0
algo9_mab19,128.59,10.274116738069251,42.162000000000006,10.274116738069251,1.0,0.0
algo9_mab20,127.89,12.499612115193935,64.11,12.499612115193935,1.0,0.0
algo10_mab1,129.31,8.339627925716707,-1.31,8.339627925716707,0.5332421875,0.02367628128057674
algo10_mab2,108.66,7.981316566921409,19.34,7.981316566921409,0.5429296875,0.028132753341724874
algo10_mab3,151.55,7.402395189764901,19.202000000000012,7.402395189764901,0.549140625,0.0293694125152863
algo10_mab4,99.23,6.6193090670592305,28.77,6.6193090670592305,0.56390625,0.030665099173028395
algo10_mab5,164.52,7.277306639079592,27.48,7.277306639079592,0.57296875,0.03304727516503188
algo10_mab6,134.07,7.247786147535262,36.68200000000001,7.247786147535262,0.5809375,0.0317203399051696
algo10_mab7,138.25,7.022870287190777,53.75,7.022870287190777,0.323828125,0.028519111062338263
algo10_mab8,141.39,7.947930294082602,63.41000000000001,7.947930294082602,0.2377734375,0.025258433565940288
algo10_mab9,142.74,8.691828276483538,70.508,8.691828276483538,0.1874609375,0.019774331710137368
algo10_mab10,143.56,8.113238962624388,75.832,8.113238962624388,0.1573828125,0.019155113950259945
algo10_mab11,131.7,7.609802291064525,39.05200000000001,7.6098022910645255,0.304609375,0.026597871762152017
algo10_mab12,130.66,7.490357437763205,40.09200000000001,7.490357437763205,0.2141796875,0.020789304504924
algo10_mab13,130.16,7.714239751880607,40.59200000000001,7.714239751880607,0.169609375,0.017966691252284717
algo10_mab14,129.75,8.019389382029411,41.00200000000001,8.019389382029411,0.1425390625,0.014007316229970056
algo10_mab15,133.1,8.52032626112167,37.65200000000001,8.52032626112167,0.5456640625,0.03570953425607546
algo10_mab16,139.71,8.800017217614009,52.29,8.800017217614009,0.3041796875,0.023395736939124532
algo10_mab17,132.07,8.612012986332967,38.68200000000001,8.612012986332967,0.531640625,0.02487007055015774
algo10_mab18,135.49,7.5645304687152395,56.51,7.5645304687152395,0.2951171875,0.02346625314353429
algo10_mab19,130.09,8.36550758601755,40.662000000000006,8.36550758601755,0.532890625,0.02588839840152507
algo10_mab20,134.67,8.565912005434592,57.33,8.565912005434592,0.2928515625,0.01930866698451521
algo11_mab1,126.94,8.090173613150036,1.06,8.090173613150036,0.9998828125,0.001171875
algo11_mab2,86.3,8.063510527072065,41.7,8.063510527072065,1.0,0.0
algo11_mab3,171.04,7.099466475899737,-0.28799999999999043,7.099466475899737,1.0,0.0
algo11_mab4,63.78,6.908609765277591,64.22,6.908609765277591,1.0,0.0
algo11_mab5,191.91,7.232216084641656,0.09,7.232216084641656,1.0,0.0
algo11_mab6,85.5,6.358800471342329,85.25200000000002,6.358800471342329,1.0,0.0
algo11_mab7,64.64,5.702241274758159,127.36,5.702241274758159,1.0,0.0
algo11_mab8,51.56,6.437453540089287,153.24,6.437453540089287,1.0,0.0
algo11_mab9,42.04,6.111621649932135,171.208,6.111621649932135,1.0,0.0
algo11_mab10,37.18,5.646810130194273,182.21200000000002,5.646810130194273,1.0,0.0
algo11_mab11,84.89,7.638148540799213,85.86200000000002,7.638148540799213,1.0,0.0
algo11_mab12,86.09,7.316916886727136,84.662,7.316916886727136,1.0,0.0
algo11_mab13,85.53,7.38063942919842,85.22200000000002,7.38063942919842,1.0,0.0
algo11_mab14,83.9,7.901540573479544,86.852,7.901540573479544,1.0,0.0
algo11_mab15,129.47,28.035495178416056,41.28200000000001,28.035495178416056,1.0,0.0
algo11_mab16,136.75,35.57276650995417,55.25,35.57276650995417,1.0,0.0
algo11_mab17,125.4,13.285520332491705,45.35200000000001,13.285520332491705,1.0,0.0
algo11_mab18,127.95,15.143338702898614,64.05,15.143338702898614,1.0,0.0
algo11_mab19,127.57,10.876027758238747,43.18200000000001,10.876027758238747,1.0,0.0
algo11_mab20,126.31,12.069407858739636,65.69,12.069407858739636,1.0,0.0
algo12_mab1,128.04,7.898241717130606,-0.04,7.898241717130606,0.5323828125,0.02487499697627957
algo12_mab2,107.65,8.536759492117758,20.35,8.536759492117758,0.5468359375,0.030050646227323737
algo12_mab3,150.86,7.8044535330473295,19.892000000000014,7.8044535330473295,0.544609375,0.030130986892785424
algo12_mab4,100.19,8.259301459933559,27.81,8.259301459933559,0.5602734375,0.030034023732718424
algo12_mab5,164.04,7.9695379636171735,27.96,7.9695379636171735,0.566328125,0.033831304197483314
algo12_mab6,135.14,8.308472005772606,35.61200000000001,8.308472005772606,0.587578125,0.03526865448061644
algo12_mab7,138.43,8.031824327025713,53.57,8.031824327025713,0.3259765625,0.02603796730353036
algo12_mab8,140.65,8.429595530515138,64.15,8.429595530515138,0.2330078125,0.021584577509166373
algo12_mab9,142.3,8.249273001332,70.94800000000001,8.249273001332,0.1854296875,0.020844094935945426
algo12_mab10,143.19,9.777003527656005,76.202,9.777003527656005,0.1569921875,0.017650925984536468
algo12_mab11,131.68,8.64785837912801,39.07200000000001,8.64785837912801,0.3073046875,0.028495078300541814
algo12_mab12,131.17,8.696980783437132,39.58200000000001,8.696980783437132,0.2162890625,0.01889881202039004
algo12_mab13,129.14,8.319406544491335,41.61200000000001,8.319406544491335,0.168828125,0.016863955712955073
algo12_mab14,130.74,8.185500854707929,40.01200000000001,8.185500854707929,0.14171875,0.011500760810088112
algo12_mab15,133.7,8.660254037844387,37.05200000000001,8.660254037844387,0.545078125,0.03370093893055706
algo12_mab16,138.34,8.655260559540386,53.66,8.655260559540386,0.30625,0.02540655458928827
algo12_mab17,131.95,6.976692799904725,38.80200000000001,6.976692799904725,0.5381640625,0.03376232716999162
algo12_mab18,135.47,7.564477056037194,56.53,7.564477056037194,0.2926953125,0.01882199423950577
algo12_mab19,129.44,7.905144725513451,41.31200000000001,7.905144725513451,0.530625,0.025289321754907397
algo12_mab20,133.84,7.594149795145675,58.16,7.594149795145675,0.2905859375,0.01799853256186526
algo13_mab1,127.95,7.5053852719769205,0.05,7.5053852719769205,0.9996484375,0.003515625
algo13_mab2,85.21,7.058621778657744,42.79,7.058621778657744,1.0,0.0
algo13_mab3,170.65,7.343484709371136,0.10200000000000957,7.343484709371136,1.0,0.0
algo13_mab4,64.38,7.349541317371961,63.62,7.349541317371961,1.0,0.0
algo13_mab5,192.88,6.504512807942411,-0.88,6.504512807942411,1.0,0.0
algo13_mab6,84.58,7.343216480727523,86.17200000000003,7.343216480727523,1.0,0.0
algo13_mab7,64.34,6.7333333333333325,127.66,6.7333333333333325,1.0,0.0
algo13_mab8,52.64,6.694668465173303,152.16000000000003,6.694668465173303,1.0,0.0
algo13_mab9,42.58,5.655389848934761,170.66799999999995,5.655389848934761,1.0,0.0
algo13_mab10,36.39,5.522945707946919,183.002,5.522945707946919,1.0,0.0
algo13_mab11,84.1,7.730955747362469,86.65200000000002,7.730955747362469,1.0,0.0
algo13_mab12,86.39,7.78095966660497,84.36200000000002,7.78095966660497,1.0,0.0
algo13_mab13,86.43,7.66107173977768,84.322,7.66107173977768,1.0,0.0
algo13_mab14,83.76,8.58012738009092,86.992,8.58012738009092,1.0,0.0
algo13_mab15,124.23,24.55414754407413,46.52200000000001,24.55414754407413,1.0,0.0
algo13_mab16,131.03,31.664100374481702,60.97,31.664100374481702,1.0,0.0
algo13_mab17,125.3,15.247122596567113,45.45200000000001,15.247122596567113,1.0,0.0
algo13_mab18,127.56,16.65230896720914,64.44,16.65230896720914,1.0,0.0
algo13_mab19,128.97,11.883657397085846,41.78200000000001,11.883657397085846,1.0,0.0
algo13_mab20,128.62,13.064548374988869,63.38,13.064548374988869,1.0,0.0
algo14_mab1,128.7,8.148247627185823,-0.7,8.148247627185823,0.52765625,0.024653333504904368
algo14_mab2,108.57,8.104438240366768,19.43,8.104438240366768,0.5469921875,0.02702599348778387
algo14_mab3,150.31,7.635238613617044,20.44200000000001,7.635238613617044,0.547421875,0.030647502394396186
algo14_mab4,100.23,7.364746767506332,27.77,7.364746767506332,0.5573828125,0.029208990657657277
algo14_mab5,163.67,7.311337536022843,28.33,7.311337536022843,0.56625,0.030098948050869483
algo14_mab6,134.31,8.052473112797287,36.44200000000001,8.052473112797287,0.5794140625,0.03214496839866985
algo14_mab7,139.2,7.617099317995138,52.8,7.617099317995138,0.32265625,0.025113673856752488
algo14_mab8,143.08,7.94511475592697,61.72000000000001,7.94511475592697,0.2337890625,0.016742832812281762
algo14_mab9,146.69,7.762503761446086,66.55799999999999,7.762503761446086,0.1901171875,0.017104214173682783
algo14_mab10,147.15,9.120268248757428,72.24199999999998,9.120268248757428,0.16328125,0.018288256502887425
algo14_mab11,131.97,8.115896609603759,38.78200000000001,8.115896609603759,0.3026953125,0.02103576339286681
algo14_mab12,131.1,7.930888342360514,39.65200000000001,7.930888342360514,0.2122265625,0.017416750135162286
algo14_mab13,128.78,7.961498260092415,41.97200000000001,7.961498260092415,0.1709765625,0.01828703443570044
algo14_mab14,130.91,7.3540959521022895,39.84200000000001,7.3540959521022895,0.140625,0.01447811065475441
algo14_mab15,134.07,7.521356797866199,36.68200000000001,7.521356797866199,0.5501171875,0.029827011169551568
algo14_mab16,139.23,8.322847948857289,52.77,8.322847948857289,0.3117578125,0.029129731542972118
algo14_mab17,132.15,8.777122466268702,38.60200000000001,8.777122466268702,0.5331640625,0.02310298287084974
algo14_mab18,133.66,8.6774059336517,58.34,8.6774059336517,0.2952734375,0.02363458148014547
algo14_mab19,129.15,7.772490988197808,41.60200000000001,7.772490988197808,0.5340234375,0.02394684728580709
algo14_mab20,131.01,8.628698884793955,60.99,8.628698884793955,0.289375,0.018702261934952842
algo15_mab1,127.97,8.301703609999747,0.03,8.301703609999747,0.9993359375,0.00587723498583784
algo15_mab2,83.6,7.091038589856093,44.4,7.091038589856093,1.0,0.0
algo15_mab3,171.9,7.923242882669808,-1.1479999999999904,7.923242882669808,1.0,0.0
algo15_mab4,64.17,7.133722730804722,63.83,7.133722730804722,1.0,0.0
algo15_mab5,191.22,7.197895315277723,0.78,7.197895315277723,1.0,0.0
algo15_mab6,85.39,7.965702997377209,85.36200000000002,7.965702997377209,1.0,0.0
algo15_mab7,64.23,6.859123541501185,127.77,6.859123541501185,1.0,0.0
algo15_mab8,52.3,5.94503442743895,152.5,5.94503442743895,1.0,0.0
algo15_mab9,42.98,5.796167316042175,170.268,5.796167316042175,1.0,0.0
algo15_mab10,37.49,5.625510077883039,181.90200000000002,5.625510077883039,1.0,0.0
algo15_mab11,84.27,7.728806146129197,86.48200000000001,7.728806146129197,1.0,0.0
algo15_mab12,85.59,7.4142846021457895,85.162,7.4142846021457895,1.0,0.0
algo15_mab13,85.6,7.8521694872541845,85.15200000000002,7.8521694872541845,1.0,0.0
algo15_mab14,85.88,8.240427565645271,84.87200000000001,8.240427565645271,1.0,0.0
algo15_mab15,125.71,27.881529674135475,45.04200000000001,27.881529674135475,1.0,0.0
algo15_mab16,126.81,34.965984914057564,65.19,34.965984914057564,1.0,0.0
algo15_mab17,128.73,14.892106918930194,42.02200000000001,14.892106918930194,1.0,0.0
algo15_mab18,127.9,17.935631259781985,64.1,17.935631259781985,1.0,0.0
algo15_mab19,125.72,10.379739394560437,45.03200000000001,10.379739394560437,1.0,0.0
algo15_mab20,128.68,10.86452851245648,63.32,10.86452851245648,1.0,0.0
algo16_mab1,128.91,8.199648920791818,-0.91,8.199648920791818,0.5301171875,0.021860727385223933
algo16_mab2,107.82,7.585712247576381,20.18,7.585712247576381,0.5484375,0.028397251320783808
algo16_mab3,152.34,7.5360681547026385,18.412000000000013,7.5360681547026385,0.543046875,0.02766028012352722
algo16_mab4,99.7,7.833494518006402,28.3,7.833494518006402,0.56140625,0.032431500145761766
algo16_mab5,164.55,8.311334599706766,27.45,8.311334599706766,0.5644921875,0.031257372670388084
algo16_mab6,135.18,7.091579869853053,35.57200000000001,7.091579869853053,0.5832421875,0.035371269193000494
algo16_mab7,140.48,7.994290892173418,51.52,7.994290892173418,0.3278515625,0.028251716985106125
algo16_mab8,143.48,8.699796816389716,61.32000000000002,8.699796816389716,0.2386328125,0.020988818165521426
algo16_mab9,144.09,7.951996128283918,69.15799999999999,7.951996128283918,0.1857421875,0.01851752949652069
algo16_mab10,146.47,8.201324110880947,72.922,8.201324110880947,0.159609375,0.017679936288767382
algo16_mab11,131.85,7.778986197611245,38.90200000000001,7.778986197611245,0.30265625,0.023116221801693742
algo16_mab12,129.47,8.409296202790259,41.28200000000001,8.409296202790259,0.2148828125,0.02379317015122555
algo16_mab13,129.27,7.717034810251037,41.482000000000006,7.717034810251037,0.170078125,0.018650600636958538
algo16_mab14,130.1,8.00315594315799,40.65200000000001,8.00315594315799,0.14296875,0.014371259669295634
algo16_mab15,134.47,8.756475237551841,36.28200000000001,8.756475237551841,0.5513671875,0.040333546688318976
algo16_mab16,137.1,8.298107366055579,54.9,8.298107366055579,0.303515625,0.028777353896790724
algo16_mab17,130.86,7.9557107371581415,39.89200000000001,7.9557107371581415,0.5308984375,0.020317166021480773
algo16_mab18,134.74,7.296906775123858,57.26,7.296906775123858,0.292421875,0.020033935116840696
algo16_mab19,128.72,9.077756141561444,42.03200000000001,9.077756141561444,0.529765625,0.02396283616282806
algo16_mab20,130.65,8.42480104971463,61.35,8.42480104971463,0.28890625,0.01786120788192284
algo17_mab1,127.21,8.055733888656484,0.79,8.055733888656484,0.9997265625,0.002734375
algo17_mab2,85.43,8.019238231788716,42.57,8.019238231788716,1.0,0.0
algo17_mab3,171.25,7.911601250280143,-0.4979999999999905,7.911601250280143,1.0,0.0
algo17_mab4,64.49,6.112571909886652,63.51,6.112571909886652,1.0,0.0
algo17_mab5,190.74,6.631147805027513,1.26,6.631147805027513,1.0,0.0
algo17_mab6,85.98,8.29016698787598,84.772,8.29016698787598,1.0,0.0
algo17_mab7,65.47,6.680977065179504,126.53,6.680977065179504,1.0,0.0
algo17_mab8,51.06,6.389416754653468,153.74,6.389416754653468,1.0,0.0
algo17_mab9,42.17,5.96971312103645,171.078,5.96971312103645,1.0,0.0
algo17_mab10,36.11,5.555768682780597,183.282,5.555768682780597,1.0,0.0
algo17_mab11,86.38,7.522061827811185,84.37200000000001,7.522061827811185,1.0,0.0
algo17_mab12,83.67,8.267075991821137,87.08200000000002,8.267075991821137,1.0,0.0
algo17_mab13,85.79,7.339246926936403,84.962,7.339246926936403,1.0,0.0
algo17_mab14,85.61,7.393547555439503,85.14200000000002,7.393547555439503,1.0,0.0
algo17_mab15,127.52,24.1097993405674,43.232000000000006,24.1097993405674,1.0,0.0
algo17_mab16,130.72,31.48483040218806,61.28,31.48483040218806,1.0,0.0
algo17_mab17,129.88,13.734333591110973,40.87200000000001,13.734333591110973,1.0,0.0
algo17_mab18,124.62,15.81699635636848,67.38,15.81699635636848,1.0,0.0
algo17_mab19,127.49,11.027509219944436,43.26200000000001,11.027509219944436,1.0,0.0
algo17_mab20,128.46,12.179150921624922,63.54,12.179150921624922,1.0,0.0
algo18_mab1,127.96,8.24978726386262,0.04,8.24978726386262,0.5299609375,0.023699445036878587
algo18_mab2,109.58,7.523941584681327,18.42,7.523941584681327,0.546875,0.03046075636529664
algo18_mab3,151.49,7.854092415853514,19.26200000000001,7.854092415853514,0.5418359375,0.02690504742609597
algo18_mab4,99.76,7.104017926995307,28.24,7.104017926995307,0.555859375,0.02766317752648351
algo18_mab5,163.86,7.159115119407517,28.14,7.159115119407517,0.5643359375,0.0313703834581856
algo18_mab6,134.37,7.785839256579404,36.38200000000001,7.785839256579404,0.576875,0.03517544719972665
algo18_mab7,139.19,7.676140391702807,52.81,7.676140391702807,0.323984375,0.02067604569566476
algo18_mab8,141.57,8.821753416035461,63.23000000000001,8.821753416035461,0.2378515625,0.021293559769049883
algo18_mab9,145.57,7.354315712284834,67.678,7.354315712284834,0.1919140625,0.01862773657051153
algo18_mab10,149.4,8.533948841438107,69.99199999999999,8.533948841438107,0.16046875,0.015048961941741691
algo18_mab11,130.06,7.3413454853557685,40.69200000000001,7.3413454853557685,0.2986328125,0.023623362109446
algo18_mab12,131.08,7.0204319415876855,39.67200000000001,7.0204319415876855,0.209140625,0.015825146470451305
algo18_mab13,128.98,8.66314613810139,41.77200000000001,8.66314613810139,0.1643359375,0.012627279221424821
algo18_mab14,127.67,7.868945484008836,43.08200000000001,7.868945484008836,0.1405859375,0.014051261204104723
algo18_mab15,133.62,8.06010251332156,37.13200000000001,8.06010251332156,0.5448828125,0.032007735540802766
algo18_mab16,137.91,8.469905131068053,54.09,8.469905131068053,0.3055078125,0.02597823121348977
algo18_mab17,130.3,8.428546970884367,40.45200000000001,8.428546970884367,0.5337890625,0.026161979415988284
algo18_mab18,132.06,8.183279330809906,59.94,8.183279330809906,0.288359375,0.016650567804818356
algo18_mab19,128.87,8.724347679009727,41.88200000000001,8.724347679009727,0.532890625,0.02196542345534456
algo18_mab20,129.71,7.5762721037393455,62.29,7.5762721037393455,0.2885546875,0.019101611316967842
algo19_mab1,127.23,9.422576584721904,0.77,9.422576584721904,0.9998046875,0.001953125
algo19_mab2,84.92,7.354899418384012,43.08,7.354899418384012,1.0,0.0
algo19_mab3,170.6,7.227892102295402,0.15200000000000954,7.227892102295402,1.0,0.0
algo19_mab4,62.73,6.669476680513936,65.27,6.669476680513936,1.0,0.0
algo19_mab5,192.44,6.976613169234147,-0.44,6.976613169234147,1.0,0.0
algo19_mab6,86.27,7.618233046282762,84.48200000000001,7.618233046282762,1.0,0.0
algo19_mab7,63.6,7.00216416762011,128.4,7.00216416762011,1.0,0.0
algo19_mab8,51.87,6.017910976846744,152.93,6.017910976846744,1.0,0.0
algo19_mab9,42.52,5.836977216873732,170.72799999999995,5.836977216873732,1.0,0.0
algo19_mab10,37.27,6.209889473471107,182.122,6.209889473471107,1.0,0.0
algo19_mab11,84.88,7.267306060276901,85.87200000000001,7.267306060276901,1.0,0.0
algo19_mab12,86.2,7.577211981602561,84.552,7.577211981602561,1.0,0.0
algo19_mab13,85.47,7.041658149537613,85.28200000000002,7.041658149537613,1.0,0.0
algo19_mab14,85.99,8.170524753495013,84.76200000000001,8.170524753495013,1.0,0.0
algo19_mab15,120.59,26.362314317252498,50.162000000000006,26.362314317252498,1.0,0.0
algo19_mab16,130.54,33.29495366258886,61.46,33.29495366258886,1.0,0.0
algo19_mab17,125.84,13.937609899009573,44.912000000000006,13.937609899009573,1.0,0.0
algo19_mab18,125.8,17.115177268415685,66.2,17.115177268415685,1.0,0.0
algo19_mab19,129.85,10.286182749472983,40.90200000000001,10.286182749472983,1.0,0.0
algo19_mab20,126.57,12.246834264206793,65.43,12.246834264206793,1.0,0.0
algo20_mab1,128.77,9.037357931599168,-0.77,9.037357931599168,0.529765625,0.0226875219568166
algo20_mab2,109.09,7.3540959521022895,18.91,7.3540959521022895,0.5458984375,0.03006541406285095
algo20_mab3,151.94,8.26923225095305,18.812000000000012,8.26923225095305,0.5443359375,0.02921785428966576
algo20_mab4,99.73,9.203485286245717,28.27,9.203485286245717,0.561328125,0.03284433205233462
algo20_mab5,163.61,7.994815239082809,28.39,7.994815239082809,0.56359375,0.03244575437247904
algo20_mab6,135.29,8.399488921441241,35.46200000000001,8.399488921441241,0.582421875,0.035107991569564484
algo20_mab7,139.25,6.98537433109025,52.75,6.98537433109025,0.3219921875,0.018731701074331177
algo20_mab8,142.2,7.125143982241816,62.60000000000001,7.125143982241816,0.2361328125,0.017795980940597228
algo20_mab9,147.45,8.548583673818888,65.79799999999999,8.548583673818888,0.1869921875,0.017483876825347057
algo20_mab10,148.73,8.716471114325378,70.66199999999998,8.716471114325378,0.1615625,0.014694936195133356
algo20_mab11,131.01,8.174232735130607,39.74200000000001,8.174232735130607,0.303046875,0.028479523250134017
algo20_mab12,131.44,8.449875977811985,39.31200000000001,8.449875977811985,0.21453125,0.01938216458848446
algo20_mab13,129.18,7.008479712376134,41.57200000000001,7.008479712376134,0.16609375,0.014073017952106187
algo20_mab14,129.82,8.169146191307235,40.93200000000001,8.169146191307235,0.1384375,0.011703219928375232
algo20_mab15,132.86,8.297523057448464,37.89200000000001,8.297523057448464,0.5500390625,0.035327667637061966
algo20_mab16,137.3,8.820888889906776,54.7,8.820888889906776,0.304453125,0.02480379426282805
algo20_mab17,130.86,7.884289454479724,39.89200000000001,7.884289454479724,0.5346875,0.025960337016521253
algo20_mab18,131.33,8.58475863423549,60.67,8.58475863423549,0.29140625,0.022353675525543057
algo20_mab19,130.05,7.166666666666666,40.70200000000001,7.166666666666668,0.5304296875,0.021281975337225197
algo20_mab20,128.91,7.338971661650223,63.09,7.338971661650223,0.2889453125,0.018182222766420675
algo21_mab1,127.41,7.886947406566079,0.59,7.886947406566079,0.9987890625,0.012109375
algo21_mab2,85.45,7.375053500918766,42.55,7.375053500918766,1.0,0.0
algo21_mab3,171.92,6.955384513984381,-1.1679999999999904,6.955384513984381,1.0,0.0
algo21_mab4,63.95,7.121421660360133,64.05,7.121421660360133,1.0,0.0
algo21_mab5,192.83,6.339000654119647,-0.83,6.339000654119647,1.0,0.0
algo21_mab6,84.76,6.896229389889798,85.992,6.896229389889798,1.0,0.0
algo21_mab7,63.84,7.320539804570633,128.16,7.320539804570633,1.0,0.0
algo21_mab8,51.03,6.9984919010376005,153.77,6.9984919010376005,1.0,0.0
algo21_mab9,42.66,6.068997221347796,170.588,6.068997221347796,1.0,0.0
algo21_mab10,37.05,6.200969295361832,182.342,6.200969295361832,1.0,0.0
algo21_mab11,86.34,7.9011826246889685,84.412,7.9011826246889685,1.0,0.0
algo21_mab12,84.99,7.349149610669251,85.76200000000001,7.349149610669251,1.0,0.0
algo21_mab13,84.08,6.933566429648124,86.67200000000003,6.933566429648124,1.0,0.0
algo21_mab14,85.17,8.715543991668396,85.58200000000002,8.715543991668396,1.0,0.0
algo21_mab15,126.36,25.66706808029277,44.39200000000001,25.66706808029277,1.0,0.0
algo21_mab16,126.81,36.94760007788261,65.19,36.94760007788261,1.0,0.0
algo21_mab17,129.1,14.28179599944268,41.65200000000001,14.28179599944268,1.0,0.0
algo21_mab18,128.0,15.068195149071606,64.0,15.068195149071606,1.0,0.0
algo21_mab19,128.91,10.390453077297217,41.84200000000001,10.390453077297217,1.0,0.0
algo21_mab20,127.51,12.406006202601619,64.49,12.406006202601619,1.0,0.0
algo22_mab1,127.73,8.549150823209274,0.27,8.549150823209274,0.5278125,0.021100032968133325
algo22_mab2,108.21,7.92170652974688,19.79,7.92170652974688,0.5409375,0.028486557890157468
algo22_mab3,152.17,7.730374303271922,18.582000000000008,7.730374303271923,0.5472265625,0.02710367074953056
algo22_mab4,98.74,7.568702169147134,29.26,7.568702169147134,0.559765625,0.028680785322807233
algo22_mab5,163.97,7.567147228098393,28.03,7.567147228098393,0.5577734375,0.03313304956720628
algo22_mab6,134.56,7.79188907477098,36.19200000000001,7.79188907477098,0.58453125,0.02825316267381817
algo22_mab7,139.24,8.147776544939276,52.76,8.147776544939276,0.3248828125,0.024073692700127467
algo22_mab8,143.63,7.183953780418684,61.17000000000001,7.183953780418684,0.231796875,0.019639221759757037
algo22_mab9,146.0,8.686457589520913,67.24799999999999,8.686457589520913,0.185234375,0.01584227873550581
algo22_mab10,147.98,8.617553145889048,71.41199999999998,8.617553145889048,0.15890625,0.01712065168196443
algo22_mab11,131.09,8.170030228793156,39.662000000000006,8.170030228793156,0.30234375,0.024271006063242825
algo22_mab12,129.03,8.618109896132571,41.72200000000001,8.618109896132571,0.2093359375,0.018356352507490733
algo22_mab13,128.71,7.8936043667636335,42.04200000000001,7.8936043667636335,0.1651171875,0.014708931799970404
algo22_mab14,129.5,7.932161869200092,41.25200000000001,7.932161869200092,0.136796875,0.011337441201416694
algo22_mab15,131.27,8.172205913641035,39.482000000000006,8.172205913641035,0.545703125,0.034389434670185764
algo22_mab16,134.56,7.720260633063124,57.44,7.720260633063124,0.304921875,0.023145140995223218
algo22_mab17,129.8,7.870158444363997,40.95200000000001,7.870158444363997,0.531484375,0.0239180274844487
algo22_mab18,129.55,8.209842577754772,62.45,8.209842577754772,0.291953125,0.020305973358994315
algo22_mab19,128.17,7.886896177402828,42.58200000000001,7.886896177402828,0.5281640625,0.022765615467473032
algo22_mab20,129.52,6.943465789626759,62.48,6.943465789626762,0.2905078125,0.01938991634950696
algo23_mab1,126.76,8.47351190713768,1.24,8.473511907137679,0.99828125,0.010347187796532794
algo23_mab2,85.46,7.1892456158662785,42.54,7.1892456158662785,1.0,0.0
algo23_mab3,171.34,7.59348471395117,-0.5879999999999904,7.59348471395117,1.0,0.0
algo23_mab4,64.61,6.551883066506279,63.39,6.551883066506279,1.0,0.0
algo23_mab5,192.49,6.748729771990693,-0.49,6.748729771990693,1.0,0.0
algo23_mab6,87.06,6.850230402377468,83.69200000000002,6.850230402377468,1.0,0.0
algo23_mab7,65.09,6.8888652655183105,126.91,6.8888652655183105,1.0,0.0
algo23_mab8,50.27,6.281052154027712,154.53,6.281052154027712,1.0,0.0
algo23_mab9,42.29,6.0407622102519545,170.958,6.0407622102519545,1.0,0.0
algo23_mab10,35.56,5.5819333387259125,183.832,5.5819333387259125,1.0,0.0
algo23_mab11,84.67,7.414230107085164,86.08200000000002,7.414230107085164,1.0,0.0
algo23_mab12,84.5,7.878496498108448,86.25200000000002,7.878496498108448,1.0,0.0
algo23_mab13,84.91,8.122913096403112,85.84200000000001,8.122913096403112,1.0,0.0
algo23_mab14,86.08,7.546060581722777,84.67200000000003,7.546060581722777,1.0,0.0
algo23_mab15,129.28,25.285872607749837,41.47200000000001,25.285872607749837,1.0,0.0
algo23_mab16,126.06,31.218946591174824,65.94,31.218946591174824,1.0,0.0
algo23_mab17,125.18,13.435502494239927,45.57200000000001,13.435502494239927,1.0,0.0
algo23_mab18,129.09,16.254351398746714,62.91,16.254351398746714,1.0,0.0
algo23_mab19,127.94,10.07228420423635,42.81200000000001,10.07228420423635,1.0,0.0
algo23_mab20,129.25,11.655297490667474,62.75,11.655297490667474,1.0,0.0
algo24_mab1,128.37,7.778051221744481,-0.37,7.778051221744481,0.5305859375,0.02164647012463081
algo24_mab2,108.79,7.9927934712932185,19.21,7.9927934712932185,0.5521875,0.02864325057227199
algo24_mab3,151.21,8.544943569507092,19.542000000000012,8.544943569507092,0.546640625,0.030802009035993238
algo24_mab4,100.59,7.287868707861737,27.41,7.287868707861737,0.5584375,0.032724072163926955
algo24_mab5,163.77,7.171569851951117,28.23,7.171569851951117,0.561015625,0.033260659265597806
algo24_mab6,134.06,7.771769685239266,36.69200000000001,7.771769685239266,0.580078125,0.0378256685423888
algo24_mab7,138.38,7.94269882637285,53.62,7.94269882637285,0.3227734375,0.021707618266283046
algo24_mab8,143.91,8.070516236476594,60.89000000000002,8.070516236476594,0.23203125,0.020056848361424632
algo24_mab9,146.59,8.36550758601755,66.65799999999999,8.36550758601755,0.185859375,0.01682369357433006
algo24_mab10,149.25,8.357389520416024,70.142,8.357389520416024,0.157578125,0.013164688295341826
algo24_mab11,132.62,8.476682217362015,38.13200000000001,8.476682217362015,0.300390625,0.020636349752510847
algo24_mab12,131.98,6.85046632638165,38.77200000000001,6.85046632638165,0.2133203125,0.018379847681658804
algo24_mab13,130.02,9.00614829273353,40.732000000000006,9.00614829273353,0.1653125,0.012780451572330171
algo24_mab14,128.98,8.569360500873994,41.77200000000001,8.569360500873994,0.1382421875,0.013230963084156493
algo24_mab15,132.36,8.115977507921697,38.39200000000001,8.115977507921697,0.5453125,0.031170985967107562
algo24_mab16,136.32,7.477751512103599,55.68,7.477751512103599,0.3050390625,0.025370706542265555
algo24_mab17,127.79,7.767186872941317,42.96200000000001,7.767186872941317,0.5336328125,0.0236788850798121
algo24_mab18,129.61,8.112709818923674,62.39,8.112709818923674,0.290703125,0.017854821080347947
algo24_mab19,128.13,8.849647598987351,42.62200000000001,8.849647598987351,0.53203125,0.025636045599207503
algo24_mab20,128.4,8.663169457566037,63.6,8.663169457566037,0.2873046875,0.016925945110332796
algo25_mab1,126.82,7.073038865146918,1.18,7.073038865146918,0.9997265625,0.002734375
algo25_mab2,85.47,7.179453005246671,42.53,7.179453005246671,1.0,0.0
algo25_mab3,171.63,7.084846540684597,-0.8779999999999905,7.084846540684597,1.0,0.0
algo25_mab4,64.35,6.604826823902152,63.65,6.60482682390215,1.0,0.0
algo25_mab5,191.98,7.764175696261918,0.02,7.764175696261918,1.0,0.0
algo25_mab6,86.67,7.023848264622782,84.08200000000002,7.023848264622782,1.0,0.0
algo25_mab7,64.79,5.888346649325791,127.21,5.888346649325791,1.0,0.0
algo25_mab8,51.17,6.4448789473864165,153.63000000000005,6.4448789473864165,1.0,0.0
algo25_mab9,42.49,6.5789609569237655,170.75799999999995,6.5789609569237655,1.0,0.0
algo25_mab10,36.0,5.69067995795216,183.392,5.69067995795216,1.0,0.0
algo25_mab11,84.7,7.947428273448975,86.052,7.947428273448975,1.0,0.0
algo25_mab12,84.75,6.552623038666934,86.00200000000002,6.552623038666934,1.0,0.0
algo25_mab13,85.58,7.470047935697345,85.17200000000003,7.470047935697345,1.0,0.0
algo25_mab14,86.03,7.9333778964880315,84.72200000000002,7.9333778964880315,1.0,0.0
algo25_mab15,124.96,27.025958340869693,45.79200000000001,27.025958340869693,1.0,0.0
algo25_mab16,128.32,32.942521108283394,63.68,32.942521108283394,1.0,0.0
algo25_mab17,129.48,14.326975334041105,41.27200000000001,14.326975334041105,1.0,0.0
algo25_mab18,127.47,17.643183363325317,64.53,17.643183363325317,1.0,0.0
algo25_mab19,126.96,10.45328231280066,43.79200000000001,10.45328231280066,1.0,0.0
algo25_mab20,126.49,13.791004973598485,65.51,13.791004973598485,1.0,0.0
algo26_mab1,128.77,7.273662187382751,-0.77,7.273662187382751,0.52953125,0.024837947395862776
algo26_mab2,108.37,8.533540480440294,19.63,8.533540480440294,0.5467578125,0.028803880250744183
algo26_mab3,152.09,8.250001530455934,18.662000000000013,8.250001530455934,0.545546875,0.030968687250851223
algo26_mab4,99.57,7.5495066398441235,28.43,7.5495066398441235,0.561484375,0.032190798135674464
algo26_mab5,163.02,6.901880873787928,28.98,6.901880873787928,0.556640625,0.03447001403398549
algo26_mab6,133.91,8.389622016262567,36.84200000000001,8.389622016262567,0.58140625,0.03753615155568177
algo26_mab7,138.53,8.207479958716151,53.47,8.207479958716151,0.322109375,0.023394188727309282
algo26_mab8,143.03,7.797247636638888,61.77000000000001,7.797247636638888,0.235703125,0.017699104937189663
algo26_mab9,145.93,8.306325932989296,67.31799999999998,8.306325932989296,0.1844921875,0.017272793629268892
algo26_mab10,149.91,7.969759764702491,69.482,7.969759764702491,0.1569921875,0.013876867775567169
algo26_mab11,131.4,8.104120413516059,39.35200000000001,8.104120413516059,0.3040625,0.022441208877927627
algo26_mab12,131.43,8.25631683481004,39.32200000000001,8.25631683481004,0.21,0.01649002331243643
algo26_mab13,129.33,7.239140246959684,41.42200000000001,7.239140246959684,0.1653125,0.014792783648607009
algo26_mab14,128.86,7.230714509869155,41.89200000000001,7.230714509869154,0.136171875,0.012214876740205324
algo26_mab15,130.88,8.846936352675023,39.87200000000001,8.846936352675023,0.5490234375,0.035278245647765126
algo26_mab16,132.81,8.611356138579714,59.19,8.611356138579714,0.301015625,0.02442811306545724
algo26_mab17,129.68,8.487519060242505,41.07200000000001,8.487519060242505,0.5293359375,0.02065870675794657
algo26_mab18,130.39,7.534291974403138,61.61,7.534291974403138,0.2900390625,0.01818154460046105
algo26_mab19,127.89,7.745829767550975,42.86200000000001,7.745829767550975,0.53015625,0.0210400492552689
algo26_mab20,129.03,7.707342688185812,62.97,7.707342688185812,0.28859375,0.01848341366334294
algo27_mab1,127.63,7.761150336480704,0.37,7.761150336480704,0.995078125,0.0329011586322821
algo27_mab2,83.99,7.942336373555772,44.01,7.942336373555772,1.0,0.0
algo27_mab3,171.89,7.4479947813237795,-1.1379999999999904,7.4479947813237795,1.0,0.0
algo27_mab4,64.77,6.906087199278648,63.23,6.906087199278648,1.0,0.0
algo27_mab5,191.29,6.421704043965497,0.71,6.421704043965497,1.0,0.0
algo27_mab6,85.5,7.9892604681711825,85.25200000000002,7.9892604681711825,1.0,0.0
algo27_mab7,64.98,6.8534146911808085,127.02,6.8534146911808085,1.0,0.0
algo27_mab8,51.09,8.016517040120696,153.71,8.016517040120696,1.0,0.0
algo27_mab9,41.59,6.706087992385439,171.658,6.706087992385439,1.0,0.0
algo27_mab10,35.42,5.125062207062722,183.972,5.125062207062722,1.0,0.0
algo27_mab11,84.65,7.078741827371997,86.102,7.078741827371997,1.0,0.0
algo27_mab12,84.75,7.392837101143267,86.00200000000002,7.392837101143267,1.0,0.0
algo27_mab13,85.73,7.206695820309378,85.022,7.206695820309378,1.0,0.0
algo27_mab14,85.5,7.502861407018611,85.25200000000002,7.502861407018611,1.0,0.0
algo27_mab15,131.03,26.716413825151907,39.72200000000001,26.716413825151907,1.0,0.0
algo27_mab16,132.07,33.365516282048986,59.93,33.365516282048986,1.0,0.0
algo27_mab17,128.94,13.549624468313622,41.81200000000001,13.549624468313622,1.0,0.0
algo27_mab18,127.42,18.32268561321752,64.58,18.32268561321752,1.0,0.0
algo27_mab19,128.51,11.349805320272274,42.24200000000001,11.349805320272276,1.0,0.0
algo27_mab20,129.13,12.737168231025866,62.87,12.737168231025866,1.0,0.0
algo28_mab1,127.61,7.9339380976519935,0.39,7.9339380976519935,0.527890625,0.022041355408597404
algo28_mab2,107.59,7.482093100978974,20.41,7.482093100978974,0.5397265625,0.02814677516164993
algo28_mab3,149.25,8.060848139449888,21.50200000000001,8.060848139449888,0.5387890625,0.025444472330369283
algo28_mab4,100.17,7.995017387742382,27.83,7.995017387742382,0.565546875,0.02916613821896815
algo28_mab5,163.67,7.785060803691371,28.33,7.785060803691371,0.56953125,0.030782888326138187
algo28_mab6,135.27,8.578638021447826,35.482000000000006,8.578638021447826,0.5854296875,0.03622360432424016
algo28_mab7,139.35,8.144372786213072,52.65,8.144372786213072,0.3232421875,0.023433389528020442
algo28_mab8,143.4,8.217989628574225,61.40000000000001,8.217989628574225,0.2332421875,0.01964765657963261
algo28_mab9,145.66,9.120096579322043,67.58800000000001,9.120096579322043,0.184609375,0.017226017160651662
algo28_mab10,148.92,8.159619717817366,70.472,8.159619717817366,0.158125,0.015270602079773668
algo28_mab11,131.03,8.442862026109344,39.72200000000001,8.442862026109344,0.3023828125,0.02161112462058916
algo28_mab12,130.22,8.16692021869847,40.53200000000001,8.16692021869847,0.2087109375,0.014744516036033098
algo28_mab13,129.93,8.076971879824441,40.82200000000001,8.076971879824441,0.16625,0.014492156125745398
algo28_mab14,129.91,7.2781602181881215,40.84200000000001,7.2781602181881215,0.1371875,0.013546218640531044
algo28_mab15,131.24,8.117968596971421,39.51200000000001,8.117968596971421,0.545390625,0.034747376857384014
algo28_mab16,133.07,8.492724158735149,58.93,8.492724158735149,0.298046875,0.022841350279515886
algo28_mab17,128.65,7.575045421072612,42.10200000000001,7.575045421072612,0.5337109375,0.02553155092479643
algo28_mab18,129.38,7.199579112277286,62.62,7.199579112277286,0.28984375,0.01923304546552074
algo28_mab19,128.3,8.251721583458151,42.45200000000001,8.251721583458151,0.529375,0.020508836479366004
algo28_mab20,128.52,7.776525151656326,63.48,7.776525151656326,0.289375,0.019595695445361813
algo29_mab1,127.54,8.599295249488693,0.46,8.599295249488693,0.98859375,0.06247701202873855
algo29_mab2,84.79,7.118470781187928,43.21,7.118470781187928,1.0,0.0
algo29_mab3,170.3,7.828334962354911,0.4520000000000096,7.828334962354911,1.0,0.0
algo29_mab4,65.28,6.766047142859259,62.72,6.766047142859259,1.0,0.0
algo29_mab5,192.23,6.664931592395614,-0.23,6.664931592395614,1.0,0.0
algo29_mab6,84.9,7.439316792786442,85.852,7.439316792786442,1.0,0.0
algo29_mab7,63.66,6.5028665008035285,128.34,6.5028665008035285,1.0,0.0
algo29_mab8,50.16,6.116247611770214,154.64,6.116247611770214,1.0,0.0
algo29_mab9,41.44,5.487027861007701,171.808,5.487027861007701,1.0,0.0
algo29_mab10,37.04,5.486291455928487,182.352,5.486291455928487,1.0,0.0
algo29_mab11,85.5,8.375650133065205,85.25200000000002,8.375650133065205,1.0,0.0
algo29_mab12,85.54,7.5564140926363965,85.212,7.5564140926363965,1.0,0.0
algo29_mab13,85.51,8.359951428016068,85.242,8.359951428016068,1.0,0.0
algo29_mab14,85.95,7.708548318050369,84.802,7.708548318050369,1.0,0.0
algo29_mab15,131.99,24.695108500235094,38.76200000000001,24.695108500235094,1.0,0.0
algo29_mab16,131.26,34.91016465099521,60.74,34.91016465099521,1.0,0.0
algo29_mab17,125.81,14.01276113931422,44.94200000000001,14.01276113931422,1.0,0.0
algo29_mab18,126.6,15.936109812610981,65.4,15.936109812610981,1.0,0.0
algo29_mab19,127.91,10.560164331442513,42.84200000000001,10.560164331442513,1.0,0.0
algo29_mab20,126.52,11.986086209695918,65.48,11.986086209695918,1.0,0.0
algo30_mab1,128.4,6.3516481596066345,-0.4,6.3516481596066345,0.526796875,0.019987721382798716
algo30_mab2,107.64,8.595888140808542,20.36,8.595888140808542,0.542890625,0.030333892827268092
algo30_mab3,151.11,7.696116034741293,19.642000000000014,7.696116034741293,0.544453125,0.02448458092122995
algo30_mab4,99.29,7.632062882234647,28.71,7.632062882234647,0.5596484375,0.03170466575242035
algo30_mab5,164.03,7.39567850883613,27.97,7.39567850883613,0.561796875,0.03235203682939812
algo30_mab6,135.82,9.032354861465217,34.93200000000001,9.032354861465217,0.5816015625,0.03701588935643308
algo30_mab7,140.76,7.888260040379404,51.24,7.888260040379404,0.32703125,0.024028994530046404
algo30_mab8,141.82,7.704622776048943,62.98000000000001,7.704622776048943,0.232890625,0.019303278123743668
algo30_mab9,146.36,8.17920496988515,66.88799999999999,8.17920496988515,0.1875,0.015752713535886028
algo30_mab10,150.03,8.179124696939203,69.362,8.179124696939203,0.157578125,0.014618168959048113
algo30_mab11,131.39,8.483965863184315,39.36200000000001,8.483965863184315,0.30453125,0.022931727144907443
algo30_mab12,130.38,8.032484552167409,40.37200000000001,8.032484552167409,0.2087890625,0.017830590879095838
algo30_mab13,130.11,7.5128106080429875,40.64200000000001,7.5128106080429875,0.1648828125,0.015389391165997097
algo30_mab14,130.28,7.755193763087437,40.47200000000001,7.755193763087437,0.1357421875,0.011899839762596532
algo30_mab15,128.74,7.92467059507233,42.01200000000001,7.92467059507233,0.5430859375,0.032299946816894465
algo30_mab16,130.09,8.449607007776077,61.91,8.449607007776077,0.2991015625,0.023759201838721343
algo30_mab17,128.3,7.162613371042045,42.45200000000001,7.162613371042045,0.5335546875,0.0245807990054572
algo30_mab18,128.48,7.446075503514613,63.52,7.446075503514613,0.28859375,0.01993568019148004
algo30_mab19,127.77,7.857126984110951,42.982000000000006,7.857126984110951,0.5259375,0.021720856167407446
algo30_mab20,126.5,8.508462810281268,65.5,8.508462810281268,0.288984375,0.01639497267532402
algo31_mab1,128.0,8.814588458740984,0.0,8.814588458740984,0.999765625,0.00234375
algo31_mab2,85.99,8.711417099346574,42.01,8.711417099346574,1.0,0.0
algo31_mab3,170.64,8.32850769370122,0.11200000000000956,8.32850769370122,1.0,0.0
algo31_mab4,63.37,7.0948195640526786,64.63,7.0948195640526786,1.0,0.0
algo31_mab5,191.16,6.144259043360655,0.84,6.144259043360655,1.0,0.0
algo31_mab6,84.95,7.347610069769199,85.802,7.347610069769199,1.0,0.0
algo31_mab7,65.52,6.969602107391322,126.48,6.969602107391322,1.0,0.0
algo31_mab8,51.2,6.221500679664892,153.60000000000005,6.221500679664892,1.0,0.0
algo31_mab9,43.08,5.880424639377153,170.16799999999995,5.880424639377153,1.0,0.0
algo31_mab10,37.12,5.392250331388893,182.27200000000002,5.392250331388893,1.0,0.0
algo31_mab11,84.63,7.301106876094995,86.12200000000001,7.301106876094995,1.0,0.0
algo31_mab12,85.5,7.30642445959981,85.25200000000002,7.30642445959981,1.0,0.0
algo31_mab13,86.22,6.624990947201742,84.53200000000002,6.624990947201742,1.0,0.0
algo31_mab14,85.5,8.074776789609741,85.25200000000002,8.074776789609741,1.0,0.0
algo31_mab15,127.98,25.04419527898066,42.77200000000001,25.04419527898066,1.0,0.0
algo31_mab16,131.17,35.942730822655896,60.83,35.942730822655896,1.0,0.0
algo31_mab17,127.18,14.333953474956665,43.57200000000001,14.333953474956665,1.0,0.0
algo31_mab18,127.85,15.317762185901644,64.15,15.317762185901644,1.0,0.0
algo31_mab19,131.6,10.512138246096773,39.15200000000001,10.512138246096773,1.0,0.0
algo31_mab20,128.0,12.206141855225956,64.0,12.206141855225956,1.0,0.0
algo32_mab1,129.39,8.612763608139781,-1.39,8.612763608139781,0.5273828125,0.020822196064262888
algo32_mab2,107.36,8.049744333727864,20.64,8.049744333727864,0.5459375,0.03066308862371348
algo32_mab3,151.25,7.4337138100750835,19.502000000000013,7.4337138100750835,0.547421875,0.028516516823953682
algo32_mab4,99.3,7.428446552396952,28.7,7.428446552396952,0.562578125,0.03218773367694916
algo32_mab5,165.12,7.336473157031135,26.88,7.336473157031135,0.563984375,0.030525353728488858
algo32_mab6,134.55,7.4472895211695125,36.20200000000001,7.4472895211695125,0.5795703125,0.03138610178217871
algo32_mab7,139.87,7.375436984143428,52.13,7.375436984143429,0.3234375,0.021773868861886862
algo32_mab8,142.31,8.017273019341843,62.49000000000001,8.017273019341843,0.23484375,0.02164095119498534
algo32_mab9,145.09,8.517474610315768,68.15799999999999,8.517474610315768,0.1862109375,0.017513823890988642
algo32_mab10,148.63,7.342494277983621,70.762,7.342494277983621,0.1569921875,0.012862376263718278
algo32_mab11,132.08,7.9336643679342975,38.67200000000001,7.9336643679342975,0.30140625,0.027237686611929747
algo32_mab12,130.11,8.270545277786658,40.64200000000001,8.270545277786658,0.210859375,0.018893306258718517
algo32_mab13,130.92,8.068745036537372,39.83200000000001,8.068745036537372,0.1670703125,0.015324756983068932
algo32_mab14,130.08,7.744245175182236,40.67200000000001,7.744245175182236,0.1369921875,0.012736659916160041
algo32_mab15,127.77,8.991415659147094,42.982000000000006,8.991415659147092,0.5446484375,0.029275191891809032
algo32_mab16,129.42,8.031730004717966,62.58,8.031730004717966,0.2973828125,0.023813631438280285
algo32_mab17,127.61,8.726940755470668,43.14200000000001,8.726940755470668,0.5312109375,0.0227534257323162
algo32_mab18,129.92,7.736415268851668,62.08,7.736415268851668,0.286796875,0.017078287376084474
algo32_mab19,129.17,8.426815063902383,41.58200000000001,8.426815063902383,0.530625,0.024007432807756426
algo32_mab20,127.0,7.47926426457803,65.0,7.47926426457803,0.2855078125,0.018473529562264144
